class,precision,recall,f1-score,support
gunshot,0.976878612716763,1.0,0.9883040935672515,169.0
glass_break,0.5,1.0,0.6666666666666666,6.0
alarm_signal,0.981549815498155,0.9851851851851852,0.9833641404805915,270.0
human_voice,0.9739776951672863,0.9703703703703703,0.9721706864564007,270.0
baby_cry,0.9866666666666667,1.0,0.9932885906040269,74.0
background,0.9652509652509652,0.9259259259259259,0.945179584120983,270.0
accuracy,0.9697828139754485,0.9697828139754485,0.9697828139754485,0.9697828139754485
macro avg,0.8973872925499727,0.9802469135802468,0.9248289603159868,1059.0
weighted avg,0.9723475046080226,0.9697828139754485,0.9704623593042649,1059.0
